run_id,encryption_mode,payload_bytes,iterations,concurrency,total_operations,throughput_ops_sec,wall_time_sec,write_ops,write_avg_ms,write_p50_ms,write_p95_ms,write_p99_ms,write_error_rate_pct,read_ops,read_avg_ms,read_p50_ms,read_p95_ms,read_p99_ms,read_error_rate_pct
plaintext-1024b-c1-r1,PLAINTEXT,1024,30,1,60,119.917,0.5,30,14.311,1.593,2.491,2.927,0.0,30,2.333,1.892,2.782,2.945,0.0
plaintext-1024b-c1-r2,PLAINTEXT,1024,30,1,60,580.387,0.103,30,1.634,1.447,2.682,2.841,0.0,30,1.781,1.736,2.175,2.182,0.0
plaintext-1024b-c1-r3,PLAINTEXT,1024,30,1,60,554.199,0.108,30,1.701,1.53,2.029,2.447,0.0,30,1.873,1.765,2.606,2.607,0.0
plaintext-1024b-c1-r4,PLAINTEXT,1024,30,1,60,547.222,0.11,30,1.869,1.564,2.197,2.51,0.0,30,1.728,1.701,2.363,2.367,0.0
plaintext-1024b-c1-r5,PLAINTEXT,1024,30,1,60,648.032,0.093,30,1.479,1.172,1.834,4.594,0.0,30,1.579,1.564,2.026,2.108,0.0
plaintext-1024b-c10-r1,PLAINTEXT,1024,30,10,60,1102.637,0.054,30,9.053,8.255,13.026,13.145,0.0,30,6.984,6.831,11.397,11.554,0.0
plaintext-1024b-c10-r2,PLAINTEXT,1024,30,10,60,1113.217,0.054,30,7.872,7.886,10.362,11.576,0.0,30,8.128,8.094,10.753,11.024,0.0
plaintext-1024b-c10-r3,PLAINTEXT,1024,30,10,60,1137.016,0.053,30,7.488,7.07,10.911,12.364,0.0,30,7.96,7.855,11.441,12.289,0.0
plaintext-1024b-c10-r4,PLAINTEXT,1024,30,10,60,1171.389,0.051,30,8.279,7.627,11.868,11.888,0.0,30,6.891,6.495,9.297,11.26,0.0
plaintext-1024b-c10-r5,PLAINTEXT,1024,30,10,60,1156.21,0.052,30,7.992,7.872,10.219,10.298,0.0,30,7.082,7.529,10.688,10.945,0.0
plaintext-1024b-c64-r1,PLAINTEXT,1024,30,64,60,1138.271,0.053,30,19.528,18.259,29.506,33.319,0.0,30,16.818,17.047,25.163,25.484,0.0
plaintext-1024b-c64-r2,PLAINTEXT,1024,30,64,60,1139.324,0.053,30,18.134,18.51,32.345,32.875,0.0,30,15.884,16.377,28.283,29.667,0.0
plaintext-1024b-c64-r3,PLAINTEXT,1024,30,64,60,1046.653,0.057,30,20.438,20.936,32.854,33.089,0.0,30,21.206,20.36,35.028,35.306,0.0
plaintext-1024b-c64-r4,PLAINTEXT,1024,30,64,60,1150.888,0.052,30,18.329,18.02,30.445,34.663,0.0,30,16.19,16.424,23.74,25.075,0.0
plaintext-1024b-c64-r5,PLAINTEXT,1024,30,64,60,1158.67,0.052,30,19.594,18.984,29.043,30.215,0.0,30,16.294,14.761,28.059,29.664,0.0
plaintext-1024b-c128-r1,PLAINTEXT,1024,30,128,60,1157.511,0.052,30,17.115,17.113,25.825,27.553,0.0,30,17.63,16.72,27.436,29.067,0.0
plaintext-1024b-c128-r2,PLAINTEXT,1024,30,128,60,919.443,0.065,30,23.41,23.196,37.943,39.659,0.0,30,26.097,24.529,36.705,41.186,0.0
plaintext-1024b-c128-r3,PLAINTEXT,1024,30,128,60,1160.492,0.052,30,18.534,17.625,27.925,33.426,0.0,30,17.998,18.287,25.277,27.817,0.0
plaintext-1024b-c128-r4,PLAINTEXT,1024,30,128,60,1234.511,0.049,30,20.009,18.307,32.559,32.859,0.0,30,12.958,12.104,21.224,23.191,0.0
plaintext-1024b-c128-r5,PLAINTEXT,1024,30,128,60,994.771,0.06,30,20.113,20.35,32.022,35.825,0.0,30,21.987,22.817,33.967,38.531,0.0
plaintext-10240b-c1-r1,PLAINTEXT,10240,30,1,60,468.362,0.128,30,2.408,2.099,3.147,6.509,0.0,30,1.83,1.634,2.696,3.571,0.0
plaintext-10240b-c1-r2,PLAINTEXT,10240,30,1,60,458.768,0.131,30,2.465,2.344,3.452,3.632,0.0,30,1.863,1.62,2.569,2.655,0.0
plaintext-10240b-c1-r3,PLAINTEXT,10240,30,1,60,585.578,0.102,30,1.937,1.8,2.365,4.074,0.0,30,1.449,1.243,1.963,2.34,0.0
plaintext-10240b-c1-r4,PLAINTEXT,10240,30,1,60,477.906,0.126,30,2.411,2.405,3.354,3.369,0.0,30,1.741,1.598,2.566,2.903,0.0
plaintext-10240b-c1-r5,PLAINTEXT,10240,30,1,60,539.693,0.111,30,2.125,1.846,2.63,4.8,0.0,30,1.55,1.579,1.903,1.928,0.0
plaintext-10240b-c10-r1,PLAINTEXT,10240,30,10,60,905.796,0.066,30,10.945,10.591,13.607,14.133,0.0,30,8.602,7.654,13.592,14.004,0.0
plaintext-10240b-c10-r2,PLAINTEXT,10240,30,10,60,950.686,0.063,30,9.9,9.889,11.558,11.74,0.0,30,9.237,9.586,12.042,12.066,0.0
plaintext-10240b-c10-r3,PLAINTEXT,10240,30,10,60,889.8,0.067,30,10.719,10.569,15.437,16.693,0.0,30,8.99,8.908,12.428,14.427,0.0
plaintext-10240b-c10-r4,PLAINTEXT,10240,30,10,60,987.023,0.061,30,9.405,9.163,13.989,14.87,0.0,30,8.646,8.446,11.776,12.206,0.0
plaintext-10240b-c10-r5,PLAINTEXT,10240,30,10,60,1050.751,0.057,30,9.006,8.497,11.896,12.786,0.0,30,8.175,7.811,12.274,12.386,0.0
plaintext-10240b-c64-r1,PLAINTEXT,10240,30,64,60,1008.51,0.059,30,22.145,21.369,33.752,33.886,0.0,30,19.5,17.769,29.276,29.679,0.0
plaintext-10240b-c64-r2,PLAINTEXT,10240,30,64,60,910.629,0.066,30,19.671,18.279,35.851,36.378,0.0,30,22.612,21.588,35.47,39.064,0.0
plaintext-10240b-c64-r3,PLAINTEXT,10240,30,64,60,1070.131,0.056,30,17.092,15.071,30.551,31.929,0.0,30,16.671,16.353,26.192,26.501,0.0
plaintext-10240b-c64-r4,PLAINTEXT,10240,30,64,60,751.956,0.08,30,28.043,26.726,38.278,40.224,0.0,30,23.839,21.954,36.975,37.305,0.0
plaintext-10240b-c64-r5,PLAINTEXT,10240,30,64,60,1111.222,0.054,30,18.826,19.368,25.917,29.963,0.0,30,17.943,15.414,28.66,28.922,0.0
plaintext-10240b-c128-r1,PLAINTEXT,10240,30,128,60,1050.656,0.057,30,20.877,20.784,34.086,35.201,0.0,30,17.202,16.364,26.499,31.243,0.0
plaintext-10240b-c128-r2,PLAINTEXT,10240,30,128,60,1011.58,0.059,30,21.046,22.698,33.196,33.604,0.0,30,20.447,20.11,30.281,32.185,0.0
plaintext-10240b-c128-r3,PLAINTEXT,10240,30,128,60,1054.391,0.057,30,20.781,19.056,35.072,37.402,0.0,30,17.828,15.263,27.818,27.94,0.0
plaintext-10240b-c128-r4,PLAINTEXT,10240,30,128,60,899.192,0.067,30,23.775,21.803,39.796,43.212,0.0,30,22.719,23.913,35.913,35.985,0.0
plaintext-10240b-c128-r5,PLAINTEXT,10240,30,128,60,1066.025,0.056,30,20.992,21.188,31.527,33.814,0.0,30,19.52,17.297,33.546,35.481,0.0
plaintext-102400b-c1-r1,PLAINTEXT,102400,30,1,60,300.576,0.2,30,3.916,3.488,5.448,8.183,0.0,30,2.704,2.298,3.664,4.074,0.0
plaintext-102400b-c1-r2,PLAINTEXT,102400,30,1,60,261.181,0.23,30,4.856,3.595,6.844,6.982,0.0,30,2.764,2.515,3.622,4.061,0.0
plaintext-102400b-c1-r3,PLAINTEXT,102400,30,1,60,286.68,0.209,30,4.311,3.604,8.173,8.298,0.0,30,2.629,2.328,3.189,3.813,0.0
plaintext-102400b-c1-r4,PLAINTEXT,102400,30,1,60,333.392,0.18,30,3.524,3.399,4.284,5.952,0.0,30,2.439,2.247,2.844,3.144,0.0
plaintext-102400b-c1-r5,PLAINTEXT,102400,30,1,60,305.204,0.197,30,3.971,3.562,5.954,8.298,0.0,30,2.545,2.286,3.588,3.664,0.0
plaintext-102400b-c10-r1,PLAINTEXT,102400,30,10,60,607.802,0.099,30,16.347,16.361,24.083,24.567,0.0,30,13.522,12.392,18.62,18.659,0.0
plaintext-102400b-c10-r2,PLAINTEXT,102400,30,10,60,586.287,0.102,30,15.801,16.173,22.691,22.965,0.0,30,14.657,13.536,21.444,24.129,0.0
plaintext-102400b-c10-r3,PLAINTEXT,102400,30,10,60,506.187,0.119,30,15.151,15.147,18.575,19.206,0.0,30,20.435,14.666,40.915,42.272,0.0
plaintext-102400b-c10-r4,PLAINTEXT,102400,30,10,60,636.842,0.094,30,15.431,14.431,18.364,23.512,0.0,30,12.084,12.745,16.786,17.056,0.0
plaintext-102400b-c10-r5,PLAINTEXT,102400,30,10,60,512.664,0.117,30,16.831,16.769,22.46,22.926,0.0,30,12.44,12.206,18.921,19.252,0.0
plaintext-102400b-c64-r1,PLAINTEXT,102400,30,64,60,436.591,0.137,30,38.595,37.73,55.469,56.572,0.0,30,29.27,28.137,43.027,43.557,0.0
plaintext-102400b-c64-r2,PLAINTEXT,102400,30,64,60,519.376,0.116,30,40.687,42.08,58.894,70.987,0.0,30,36.689,35.588,51.185,54.231,0.0
plaintext-102400b-c64-r3,PLAINTEXT,102400,30,64,60,408.77,0.147,30,41.598,34.292,64.46,69.605,0.0,30,33.738,24.811,57.618,60.986,0.0
plaintext-102400b-c64-r4,PLAINTEXT,102400,30,64,60,501.387,0.12,30,34.308,30.831,49.728,57.212,0.0,30,28.792,27.161,49.441,49.525,0.0
plaintext-102400b-c64-r5,PLAINTEXT,102400,30,64,60,562.014,0.107,30,30.669,30.47,44.636,46.154,0.0,30,32.663,33.067,49.045,52.604,0.0
plaintext-102400b-c128-r1,PLAINTEXT,102400,30,128,60,490.32,0.122,30,34.994,31.551,57.697,62.134,0.0,30,38.257,39.101,52.207,57.946,0.0
plaintext-102400b-c128-r2,PLAINTEXT,102400,30,128,60,483.275,0.124,30,38.961,35.779,57.704,62.077,0.0,30,43.136,45.83,67.304,69.127,0.0
plaintext-102400b-c128-r3,PLAINTEXT,102400,30,128,60,526.074,0.114,30,34.624,34.05,48.602,53.11,0.0,30,27.409,21.306,48.698,49.255,0.0
plaintext-102400b-c128-r4,PLAINTEXT,102400,30,128,60,475.516,0.126,30,34.788,31.622,66.55,68.026,0.0,30,41.275,48.801,67.946,68.907,0.0
plaintext-102400b-c128-r5,PLAINTEXT,102400,30,128,60,567.232,0.106,30,37.036,37.843,47.743,54.648,0.0,30,30.524,27.966,49.982,52.823,0.0
aes_gcm-1024b-c1-r1,AES_GCM,1024,30,1,60,677.874,0.089,30,1.733,1.147,1.692,1.861,0.0,30,1.187,1.153,1.366,1.598,0.0
aes_gcm-1024b-c1-r2,AES_GCM,1024,30,1,60,662.125,0.091,30,1.587,1.333,2.009,2.513,0.0,30,1.401,1.284,1.923,1.941,0.0
aes_gcm-1024b-c1-r3,AES_GCM,1024,30,1,60,853.124,0.07,30,1.202,1.088,1.37,1.718,0.0,30,1.114,1.088,1.237,1.269,0.0
aes_gcm-1024b-c1-r4,AES_GCM,1024,30,1,60,840.526,0.071,30,1.24,1.083,1.615,1.962,0.0,30,1.112,1.075,1.293,1.442,0.0
aes_gcm-1024b-c1-r5,AES_GCM,1024,30,1,60,829.943,0.072,30,1.236,1.094,1.374,1.757,0.0,30,1.145,1.119,1.321,1.351,0.0
aes_gcm-1024b-c10-r1,AES_GCM,1024,30,10,60,1016.231,0.059,30,9.072,8.93,13.331,14.884,0.0,30,8.133,7.858,11.509,12.424,0.0
aes_gcm-1024b-c10-r2,AES_GCM,1024,30,10,60,1012.267,0.059,30,9.197,8.698,13.133,13.665,0.0,30,8.532,8.212,13.264,13.615,0.0
aes_gcm-1024b-c10-r3,AES_GCM,1024,30,10,60,1016.478,0.059,30,8.628,8.426,12.208,12.25,0.0,30,8.836,8.634,12.393,14.011,0.0
aes_gcm-1024b-c10-r4,AES_GCM,1024,30,10,60,997.202,0.06,30,9.926,9.308,14.18,14.925,0.0,30,8.122,7.716,11.487,13.87,0.0
aes_gcm-1024b-c10-r5,AES_GCM,1024,30,10,60,963.963,0.062,30,9.748,8.968,13.131,13.831,0.0,30,8.848,8.57,13.045,13.201,0.0
aes_gcm-1024b-c64-r1,AES_GCM,1024,30,64,60,1048.81,0.057,30,21.492,20.693,33.762,34.902,0.0,30,18.736,17.442,31.832,32.155,0.0
aes_gcm-1024b-c64-r2,AES_GCM,1024,30,64,60,1021.391,0.059,30,23.098,22.271,35.25,37.602,0.0,30,18.672,17.266,27.018,27.347,0.0
aes_gcm-1024b-c64-r3,AES_GCM,1024,30,64,60,921.973,0.065,30,26.037,27.023,43.462,49.875,0.0,30,18.225,14.379,31.829,34.669,0.0
aes_gcm-1024b-c64-r4,AES_GCM,1024,30,64,60,1036.76,0.058,30,19.939,22.448,33.723,34.251,0.0,30,17.68,14.328,28.694,35.295,0.0
aes_gcm-1024b-c64-r5,AES_GCM,1024,30,64,60,975.965,0.061,30,21.851,21.259,39.028,40.852,0.0,30,17.184,15.971,27.077,28.494,0.0
aes_gcm-1024b-c128-r1,AES_GCM,1024,30,128,60,995.396,0.06,30,23.559,21.487,38.317,38.504,0.0,30,17.258,17.564,29.497,29.552,0.0
aes_gcm-1024b-c128-r2,AES_GCM,1024,30,128,60,968.533,0.062,30,23.955,23.591,36.33,40.862,0.0,30,19.398,16.925,34.027,34.535,0.0
aes_gcm-1024b-c128-r3,AES_GCM,1024,30,128,60,957.204,0.063,30,25.743,25.396,40.779,42.958,0.0,30,19.002,17.716,29.985,31.257,0.0
aes_gcm-1024b-c128-r4,AES_GCM,1024,30,128,60,929.532,0.065,30,24.766,25.163,39.481,40.383,0.0,30,19.916,17.414,34.66,36.94,0.0
aes_gcm-1024b-c128-r5,AES_GCM,1024,30,128,60,1052.289,0.057,30,18.634,16.918,30.885,34.189,0.0,30,20.824,18.761,33.723,34.271,0.0
aes_gcm-10240b-c1-r1,AES_GCM,10240,30,1,60,514.824,0.117,30,2.276,2.013,3.638,3.708,0.0,30,1.58,1.438,2.122,2.128,0.0
aes_gcm-10240b-c1-r2,AES_GCM,10240,30,1,60,526.181,0.114,30,2.213,2.006,2.743,2.982,0.0,30,1.56,1.369,2.433,2.73,0.0
aes_gcm-10240b-c1-r3,AES_GCM,10240,30,1,60,490.897,0.122,30,2.434,2.152,4.66,4.788,0.0,30,1.61,1.329,2.237,2.545,0.0
aes_gcm-10240b-c1-r4,AES_GCM,10240,30,1,60,463.068,0.13,30,2.645,2.349,4.116,5.554,0.0,30,1.646,1.561,2.11,2.473,0.0
aes_gcm-10240b-c1-r5,AES_GCM,10240,30,1,60,522.131,0.115,30,2.213,2.059,2.871,4.636,0.0,30,1.59,1.443,2.141,2.447,0.0
aes_gcm-10240b-c10-r1,AES_GCM,10240,30,10,60,867.433,0.069,30,11.162,10.188,15.75,16.27,0.0,30,9.599,8.82,13.119,13.181,0.0
aes_gcm-10240b-c10-r2,AES_GCM,10240,30,10,60,913.757,0.066,30,10.454,10.167,16.62,16.875,0.0,30,8.88,9.221,12.04,12.413,0.0
aes_gcm-10240b-c10-r3,AES_GCM,10240,30,10,60,874.369,0.069,30,10.469,10.56,13.999,14.004,0.0,30,10.148,10.087,14.065,17.086,0.0
aes_gcm-10240b-c10-r4,AES_GCM,10240,30,10,60,933.664,0.064,30,9.832,9.414,13.253,13.401,0.0,30,9.22,8.774,14.942,14.955,0.0
aes_gcm-10240b-c10-r5,AES_GCM,10240,30,10,60,925.894,0.065,30,10.103,9.937,13.144,13.987,0.0,30,9.261,9.179,12.03,14.462,0.0
aes_gcm-10240b-c64-r1,AES_GCM,10240,30,64,60,827.383,0.073,30,27.005,27.372,45.918,47.509,0.0,30,25.629,24.399,43.652,46.766,0.0
aes_gcm-10240b-c64-r2,AES_GCM,10240,30,64,60,826.217,0.073,30,27.471,27.579,44.105,49.173,0.0,30,24.406,21.916,40.535,41.441,0.0
aes_gcm-10240b-c64-r3,AES_GCM,10240,30,64,60,824.501,0.073,30,24.209,20.731,42.986,47.435,0.0,30,27.399,27.267,43.108,43.634,0.0
aes_gcm-10240b-c64-r4,AES_GCM,10240,30,64,60,882.218,0.068,30,27.357,27.487,42.615,45.722,0.0,30,22.166,20.509,37.67,42.279,0.0
aes_gcm-10240b-c64-r5,AES_GCM,10240,30,64,60,920.004,0.065,30,23.721,24.704,38.878,39.747,0.0,30,20.898,20.161,33.874,34.735,0.0
aes_gcm-10240b-c128-r1,AES_GCM,10240,30,128,60,953.383,0.063,30,25.426,22.331,43.382,44.508,0.0,30,19.633,18.162,32.499,38.452,0.0
aes_gcm-10240b-c128-r2,AES_GCM,10240,30,128,60,963.479,0.062,30,21.748,19.52,37.707,41.129,0.0,30,23.633,23.278,37.703,44.757,0.0
aes_gcm-10240b-c128-r3,AES_GCM,10240,30,128,60,916.042,0.065,30,24.261,27.178,35.007,38.313,0.0,30,21.335,17.836,41.424,42.233,0.0
aes_gcm-10240b-c128-r4,AES_GCM,10240,30,128,60,948.011,0.063,30,20.478,18.032,31.187,32.19,0.0,30,23.64,23.241,31.89,31.91,0.0
aes_gcm-10240b-c128-r5,AES_GCM,10240,30,128,60,984.726,0.061,30,23.72,21.972,34.819,43.313,0.0,30,20.437,20.135,33.296,33.579,0.0
aes_gcm-102400b-c1-r1,AES_GCM,102400,30,1,60,136.142,0.441,30,8.42,4.906,18.424,21.905,0.0,30,6.215,4.558,12.43,12.493,0.0
aes_gcm-102400b-c1-r2,AES_GCM,102400,30,1,60,303.893,0.197,30,3.951,3.426,5.496,6.138,0.0,30,2.597,2.602,2.865,2.932,0.0
aes_gcm-102400b-c1-r3,AES_GCM,102400,30,1,60,328.67,0.183,30,3.402,3.045,4.308,5.33,0.0,30,2.649,2.411,3.401,4.281,0.0
aes_gcm-102400b-c1-r4,AES_GCM,102400,30,1,60,369.418,0.162,30,3.094,2.831,3.418,5.294,0.0,30,2.291,2.234,2.515,2.578,0.0
aes_gcm-102400b-c1-r5,AES_GCM,102400,30,1,60,345.735,0.174,30,3.112,2.848,3.442,5.443,0.0,30,2.637,2.35,2.844,3.506,0.0
aes_gcm-102400b-c10-r1,AES_GCM,102400,30,10,60,463.023,0.13,30,21.555,20.406,27.564,37.245,0.0,30,17.056,16.594,23.003,25.746,0.0
aes_gcm-102400b-c10-r2,AES_GCM,102400,30,10,60,498.173,0.12,30,19.78,19.12,25.775,26.788,0.0,30,16.278,17.205,23.78,23.793,0.0
aes_gcm-102400b-c10-r3,AES_GCM,102400,30,10,60,541.972,0.111,30,19.118,17.588,26.115,28.572,0.0,30,14.444,14.478,18.354,19.008,0.0
aes_gcm-102400b-c10-r4,AES_GCM,102400,30,10,60,525.375,0.114,30,19.846,18.777,26.179,27.884,0.0,30,14.493,13.517,23.097,23.647,0.0
aes_gcm-102400b-c10-r5,AES_GCM,102400,30,10,60,494.866,0.121,30,19.424,18.402,26.651,30.562,0.0,30,16.891,16.877,25.777,25.939,0.0
aes_gcm-102400b-c64-r1,AES_GCM,102400,30,64,60,386.193,0.155,30,49.506,47.175,88.688,106.205,0.0,30,42.983,39.659,70.59,80.349,0.0
aes_gcm-102400b-c64-r2,AES_GCM,102400,30,64,60,477.164,0.126,30,46.545,46.269,71.381,75.76,0.0,30,39.212,33.291,57.52,61.212,0.0
aes_gcm-102400b-c64-r3,AES_GCM,102400,30,64,60,515.324,0.116,30,40.874,39.584,73.472,78.684,0.0,30,38.693,40.139,55.138,58.943,0.0
aes_gcm-102400b-c64-r4,AES_GCM,102400,30,64,60,458.029,0.131,30,47.81,47.293,69.926,71.868,0.0,30,42.451,40.836,54.17,67.307,0.0
aes_gcm-102400b-c64-r5,AES_GCM,102400,30,64,60,407.11,0.147,30,60.826,61.737,95.288,105.423,0.0,30,41.249,37.523,67.821,70.714,0.0
aes_gcm-102400b-c128-r1,AES_GCM,102400,30,128,60,479.07,0.125,30,45.78,53.408,68.884,74.371,0.0,30,40.069,38.687,67.216,68.97,0.0
aes_gcm-102400b-c128-r2,AES_GCM,102400,30,128,60,371.677,0.161,30,47.444,47.98,62.517,66.06,0.0,30,71.294,69.457,107.414,108.443,0.0
aes_gcm-102400b-c128-r3,AES_GCM,102400,30,128,60,309.52,0.194,30,47.028,51.82,70.486,73.191,0.0,30,73.655,72.689,111.062,114.798,0.0
aes_gcm-102400b-c128-r4,AES_GCM,102400,30,128,60,335.509,0.179,30,50.105,43.574,82.64,84.765,0.0,30,46.237,37.081,80.417,89.264,0.0
aes_gcm-102400b-c128-r5,AES_GCM,102400,30,128,60,359.302,0.167,30,54.125,53.945,78.834,84.606,0.0,30,52.524,48.219,84.789,91.4,0.0
aes_cbc-1024b-c1-r1,AES_CBC,1024,30,1,60,566.501,0.106,30,2.0,1.297,2.074,2.292,0.0,30,1.501,1.264,2.143,3.103,0.0
aes_cbc-1024b-c1-r2,AES_CBC,1024,30,1,60,530.921,0.113,30,1.947,1.723,2.372,3.393,0.0,30,1.783,1.667,2.219,2.331,0.0
aes_cbc-1024b-c1-r3,AES_CBC,1024,30,1,60,567.809,0.106,30,1.913,1.664,2.529,3.508,0.0,30,1.573,1.537,1.787,1.916,0.0
aes_cbc-1024b-c1-r4,AES_CBC,1024,30,1,60,704.718,0.085,30,1.481,1.315,2.004,2.131,0.0,30,1.329,1.254,1.543,1.909,0.0
aes_cbc-1024b-c1-r5,AES_CBC,1024,30,1,60,745.201,0.081,30,1.43,1.213,1.868,2.429,0.0,30,1.222,1.161,1.512,1.527,0.0
aes_cbc-1024b-c10-r1,AES_CBC,1024,30,10,60,893.462,0.067,30,10.665,10.229,14.665,15.439,0.0,30,9.102,8.992,11.981,12.098,0.0
aes_cbc-1024b-c10-r2,AES_CBC,1024,30,10,60,804.675,0.075,30,12.858,11.91,17.796,18.959,0.0,30,9.383,9.48,13.193,15.855,0.0
aes_cbc-1024b-c10-r3,AES_CBC,1024,30,10,60,914.943,0.066,30,10.842,10.894,14.319,15.241,0.0,30,8.616,8.15,12.571,14.666,0.0
aes_cbc-1024b-c10-r4,AES_CBC,1024,30,10,60,862.725,0.07,30,10.285,10.026,15.07,15.437,0.0,30,10.884,10.352,17.529,18.944,0.0
aes_cbc-1024b-c10-r5,AES_CBC,1024,30,10,60,948.995,0.063,30,10.535,10.073,15.229,15.42,0.0,30,8.196,8.308,11.7,13.83,0.0
aes_cbc-1024b-c64-r1,AES_CBC,1024,30,64,60,948.632,0.063,30,22.591,20.092,35.855,43.852,0.0,30,22.885,23.181,35.355,36.933,0.0
aes_cbc-1024b-c64-r2,AES_CBC,1024,30,64,60,927.927,0.065,30,20.358,16.42,37.836,39.587,0.0,30,24.985,26.848,33.778,36.118,0.0
aes_cbc-1024b-c64-r3,AES_CBC,1024,30,64,60,975.011,0.062,30,22.171,23.79,34.83,37.852,0.0,30,19.678,19.201,32.307,33.879,0.0
aes_cbc-1024b-c64-r4,AES_CBC,1024,30,64,60,587.658,0.102,30,44.081,42.869,55.314,59.12,0.0,30,31.689,30.86,45.436,51.338,0.0
aes_cbc-1024b-c64-r5,AES_CBC,1024,30,64,60,735.556,0.082,30,30.27,31.693,45.55,51.552,0.0,30,24.375,20.277,45.399,48.058,0.0
aes_cbc-1024b-c128-r1,AES_CBC,1024,30,128,60,942.246,0.064,30,25.005,25.485,36.136,38.056,0.0,30,22.148,18.814,41.522,42.746,0.0
aes_cbc-1024b-c128-r2,AES_CBC,1024,30,128,60,760.365,0.079,30,30.884,30.458,45.545,50.051,0.0,30,26.333,25.242,43.66,46.76,0.0
aes_cbc-1024b-c128-r3,AES_CBC,1024,30,128,60,926.095,0.065,30,21.508,22.179,36.766,39.573,0.0,30,23.463,23.578,33.736,34.628,0.0
aes_cbc-1024b-c128-r4,AES_CBC,1024,30,128,60,923.046,0.065,30,24.651,24.197,39.489,39.647,0.0,30,22.159,22.434,31.12,31.579,0.0
aes_cbc-1024b-c128-r5,AES_CBC,1024,30,128,60,931.143,0.064,30,22.165,20.17,35.634,38.735,0.0,30,22.798,23.282,40.805,41.492,0.0
aes_cbc-10240b-c1-r1,AES_CBC,10240,30,1,60,558.465,0.107,30,1.833,1.705,2.277,2.34,0.0,30,1.714,1.652,2.282,2.413,0.0
aes_cbc-10240b-c1-r2,AES_CBC,10240,30,1,60,603.897,0.099,30,1.789,1.568,2.696,3.029,0.0,30,1.494,1.386,1.627,1.655,0.0
aes_cbc-10240b-c1-r3,AES_CBC,10240,30,1,60,612.479,0.098,30,1.683,1.485,2.054,3.391,0.0,30,1.553,1.35,2.719,2.843,0.0
aes_cbc-10240b-c1-r4,AES_CBC,10240,30,1,60,606.667,0.099,30,1.809,1.628,2.641,2.758,0.0,30,1.456,1.376,1.94,2.038,0.0
aes_cbc-10240b-c1-r5,AES_CBC,10240,30,1,60,511.629,0.117,30,2.125,1.551,4.527,5.44,0.0,30,1.73,1.403,2.522,3.645,0.0
aes_cbc-10240b-c10-r1,AES_CBC,10240,30,10,60,813.096,0.074,30,12.131,12.896,15.656,17.058,0.0,30,9.803,8.72,16.132,17.948,0.0
aes_cbc-10240b-c10-r2,AES_CBC,10240,30,10,60,840.067,0.071,30,12.045,12.082,16.709,16.86,0.0,30,9.381,8.946,12.93,13.743,0.0
aes_cbc-10240b-c10-r3,AES_CBC,10240,30,10,60,797.06,0.075,30,13.423,12.86,17.705,18.719,0.0,30,9.33,8.962,12.498,12.594,0.0
aes_cbc-10240b-c10-r4,AES_CBC,10240,30,10,60,877.98,0.068,30,11.421,11.374,14.845,14.975,0.0,30,8.859,7.929,12.813,15.211,0.0
aes_cbc-10240b-c10-r5,AES_CBC,10240,30,10,60,836.605,0.072,30,11.387,10.881,16.336,16.857,0.0,30,10.048,9.607,15.094,18.676,0.0
aes_cbc-10240b-c64-r1,AES_CBC,10240,30,64,60,845.079,0.071,30,29.061,30.447,41.433,43.237,0.0,30,24.504,20.502,42.362,49.389,0.0
aes_cbc-10240b-c64-r2,AES_CBC,10240,30,64,60,617.116,0.097,30,35.153,36.324,55.293,61.812,0.0,30,36.301,38.311,52.069,54.603,0.0
aes_cbc-10240b-c64-r3,AES_CBC,10240,30,64,60,806.344,0.074,30,24.701,22.284,41.608,41.993,0.0,30,29.286,27.894,46.442,51.978,0.0
aes_cbc-10240b-c64-r4,AES_CBC,10240,30,64,60,760.431,0.079,30,27.718,25.846,48.134,49.425,0.0,30,28.826,27.053,47.698,50.98,0.0
aes_cbc-10240b-c64-r5,AES_CBC,10240,30,64,60,857.286,0.07,30,25.07,25.159,40.332,42.051,0.0,30,24.599,20.409,40.243,40.928,0.0
aes_cbc-10240b-c128-r1,AES_CBC,10240,30,128,60,748.914,0.08,30,34.136,34.089,49.355,54.077,0.0,30,27.829,24.667,45.168,48.817,0.0
aes_cbc-10240b-c128-r2,AES_CBC,10240,30,128,60,600.4,0.1,30,38.38,37.904,61.672,61.839,0.0,30,33.901,32.002,50.852,58.401,0.0
aes_cbc-10240b-c128-r3,AES_CBC,10240,30,128,60,813.618,0.074,30,28.178,28.184,44.487,45.623,0.0,30,24.629,21.468,38.596,39.339,0.0
aes_cbc-10240b-c128-r4,AES_CBC,10240,30,128,60,712.86,0.084,30,31.432,36.051,44.713,46.452,0.0,30,31.698,28.372,49.71,50.351,0.0
aes_cbc-10240b-c128-r5,AES_CBC,10240,30,128,60,732.829,0.082,30,28.443,27.718,45.616,47.355,0.0,30,31.264,29.723,49.369,50.325,0.0
aes_cbc-102400b-c1-r1,AES_CBC,102400,30,1,60,246.873,0.243,30,4.798,4.373,7.197,9.043,0.0,30,3.262,2.974,4.437,4.995,0.0
aes_cbc-102400b-c1-r2,AES_CBC,102400,30,1,60,200.224,0.3,30,6.299,4.821,7.939,21.141,0.0,30,3.649,3.413,4.867,5.664,0.0
aes_cbc-102400b-c1-r3,AES_CBC,102400,30,1,60,218.181,0.275,30,5.618,4.572,9.13,13.752,0.0,30,3.506,3.25,4.668,5.848,0.0
aes_cbc-102400b-c1-r4,AES_CBC,102400,30,1,60,261.216,0.23,30,4.505,4.0,5.926,8.0,0.0,30,3.119,2.932,4.42,4.702,0.0
aes_cbc-102400b-c1-r5,AES_CBC,102400,30,1,60,227.864,0.263,30,5.086,4.678,7.748,8.845,0.0,30,3.651,3.216,5.481,6.402,0.0
aes_cbc-102400b-c10-r1,AES_CBC,102400,30,10,60,368.195,0.163,30,30.421,26.606,47.163,50.117,0.0,30,19.172,17.208,32.464,36.742,0.0
aes_cbc-102400b-c10-r2,AES_CBC,102400,30,10,60,419.169,0.143,30,24.776,23.375,34.081,36.849,0.0,30,19.144,17.781,30.29,30.978,0.0
aes_cbc-102400b-c10-r3,AES_CBC,102400,30,10,60,437.546,0.137,30,23.242,23.73,29.241,30.935,0.0,30,18.02,17.588,27.236,28.62,0.0
aes_cbc-102400b-c10-r4,AES_CBC,102400,30,10,60,405.731,0.148,30,22.203,21.184,31.582,31.986,0.0,30,19.458,18.982,26.085,26.825,0.0
aes_cbc-102400b-c10-r5,AES_CBC,102400,30,10,60,479.554,0.125,30,20.316,19.815,27.889,28.456,0.0,30,17.202,16.374,26.555,26.73,0.0
aes_cbc-102400b-c64-r1,AES_CBC,102400,30,64,60,386.919,0.155,30,53.561,35.634,104.163,108.547,0.0,30,57.917,61.811,85.656,88.579,0.0
aes_cbc-102400b-c64-r2,AES_CBC,102400,30,64,60,425.706,0.141,30,56.732,63.797,83.227,88.376,0.0,30,48.624,45.977,79.744,83.494,0.0
aes_cbc-102400b-c64-r3,AES_CBC,102400,30,64,60,483.355,0.124,30,45.89,48.457,71.42,72.358,0.0,30,40.64,40.344,59.255,59.533,0.0
aes_cbc-102400b-c64-r4,AES_CBC,102400,30,64,60,403.589,0.149,30,72.584,70.213,100.046,113.747,0.0,30,38.6,40.019,52.803,59.408,0.0
aes_cbc-102400b-c64-r5,AES_CBC,102400,30,64,60,503.488,0.119,30,43.966,45.112,87.977,88.933,0.0,30,42.038,40.522,72.72,73.006,0.0
aes_cbc-102400b-c128-r1,AES_CBC,102400,30,128,60,424.95,0.141,30,46.812,41.244,79.078,88.758,0.0,30,58.529,64.044,80.152,83.135,0.0
aes_cbc-102400b-c128-r2,AES_CBC,102400,30,128,60,441.786,0.136,30,39.413,35.928,69.244,72.086,0.0,30,56.205,56.564,85.734,86.169,0.0
aes_cbc-102400b-c128-r3,AES_CBC,102400,30,128,60,469.196,0.128,30,46.976,49.489,70.025,98.592,0.0,30,39.331,33.493,68.761,76.785,0.0
aes_cbc-102400b-c128-r4,AES_CBC,102400,30,128,60,497.268,0.121,30,46.194,46.998,69.054,70.794,0.0,30,41.794,41.588,54.654,57.058,0.0
aes_cbc-102400b-c128-r5,AES_CBC,102400,30,128,60,479.991,0.125,30,47.157,48.002,78.398,78.739,0.0,30,44.003,40.837,61.359,70.901,0.0
rsa-1024b-c1-r1,RSA,1024,30,1,60,46.425,1.292,30,2.737,1.951,3.059,6.409,0.0,30,40.298,40.046,41.618,41.921,0.0
rsa-1024b-c1-r2,RSA,1024,30,1,60,46.607,1.287,30,2.24,1.976,3.176,3.627,0.0,30,40.631,39.756,42.521,43.022,0.0
rsa-1024b-c1-r3,RSA,1024,30,1,60,46.732,1.284,30,2.159,2.054,2.606,3.376,0.0,30,40.598,39.925,42.389,42.859,0.0
rsa-1024b-c1-r4,RSA,1024,30,1,60,47.632,1.26,30,1.96,1.758,2.404,3.048,0.0,30,39.991,39.687,41.248,41.929,0.0
rsa-1024b-c1-r5,RSA,1024,30,1,60,47.619,1.26,30,1.937,1.766,2.34,2.584,0.0,30,40.028,39.716,40.976,41.081,0.0
rsa-1024b-c10-r1,RSA,1024,30,10,60,47.991,1.25,30,132.209,126.227,295.688,336.206,0.0,30,229.537,217.358,335.397,366.955,0.0
rsa-1024b-c10-r2,RSA,1024,30,10,60,48.52,1.237,30,131.376,133.085,249.329,277.108,0.0,30,232.822,208.359,360.52,366.215,0.0
rsa-1024b-c10-r3,RSA,1024,30,10,60,48.793,1.23,30,137.427,130.045,319.078,328.149,0.0,30,221.429,232.127,322.964,359.369,0.0
rsa-1024b-c10-r4,RSA,1024,30,10,60,48.181,1.245,30,130.446,83.885,322.609,334.448,0.0,30,228.305,242.395,408.379,413.793,0.0
rsa-1024b-c10-r5,RSA,1024,30,10,60,48.688,1.232,30,134.888,162.304,281.956,287.914,0.0,30,222.984,202.981,362.023,366.259,0.0
rsa-1024b-c64-r1,RSA,1024,30,64,60,48.936,1.226,30,60.188,27.986,107.584,466.844,0.0,30,609.511,606.585,1105.768,1124.362,0.0
rsa-1024b-c64-r2,RSA,1024,30,64,60,47.937,1.252,30,157.143,22.741,485.333,641.471,0.0,30,516.267,498.649,822.072,984.436,0.0
rsa-1024b-c64-r3,RSA,1024,30,64,60,48.963,1.225,30,100.862,62.635,231.589,346.178,0.0,30,553.675,567.794,1024.098,1064.735,0.0
rsa-1024b-c64-r4,RSA,1024,30,64,60,48.446,1.238,30,135.863,68.104,201.416,948.135,0.0,30,537.608,489.142,912.943,948.336,0.0
rsa-1024b-c64-r5,RSA,1024,30,64,60,48.79,1.23,30,126.974,21.714,151.411,855.351,0.0,30,540.391,519.947,950.185,955.567,0.0
rsa-1024b-c128-r1,RSA,1024,30,128,60,48.342,1.241,30,100.648,25.161,553.802,558.899,0.0,30,576.178,536.381,1058.005,1197.817,0.0
rsa-1024b-c128-r2,RSA,1024,30,128,60,48.976,1.225,30,141.506,22.639,584.697,670.186,0.0,30,517.715,507.322,913.503,914.221,0.0
rsa-1024b-c128-r3,RSA,1024,30,128,60,48.661,1.233,30,144.524,28.009,392.009,983.035,0.0,30,526.49,496.638,951.921,995.781,0.0
rsa-1024b-c128-r4,RSA,1024,30,128,60,48.276,1.243,30,127.762,23.119,540.219,541.548,0.0,30,537.235,559.089,864.807,960.002,0.0
rsa-1024b-c128-r5,RSA,1024,30,128,60,48.502,1.237,30,76.426,64.749,196.541,278.965,0.0,30,605.733,600.995,1109.937,1115.659,0.0
rsa-10240b-c1-r1,RSA,10240,30,1,60,27.702,2.166,30,4.196,3.989,5.624,5.689,0.0,30,67.957,67.355,70.202,70.34,0.0
rsa-10240b-c1-r2,RSA,10240,30,1,60,27.327,2.196,30,4.701,4.484,5.923,7.515,0.0,30,68.445,67.67,71.511,71.856,0.0
rsa-10240b-c1-r3,RSA,10240,30,1,60,27.73,2.164,30,4.283,4.113,5.423,5.631,0.0,30,67.797,67.585,69.609,69.973,0.0
rsa-10240b-c1-r4,RSA,10240,30,1,60,26.699,2.247,30,4.81,4.378,6.95,7.845,0.0,30,70.044,68.656,76.397,76.625,0.0
rsa-10240b-c1-r5,RSA,10240,30,1,60,26.082,2.3,30,4.921,4.637,6.358,7.393,0.0,30,71.711,70.19,77.963,79.885,0.0
rsa-10240b-c10-r1,RSA,10240,30,10,60,26.976,2.224,30,209.682,239.035,412.259,431.33,0.0,30,452.048,488.04,614.138,682.542,0.0
rsa-10240b-c10-r2,RSA,10240,30,10,60,27.805,2.158,30,254.385,285.659,430.321,438.788,0.0,30,375.56,356.985,552.269,696.167,0.0
rsa-10240b-c10-r3,RSA,10240,30,10,60,28.117,2.134,30,168.873,122.405,354.313,391.194,0.0,30,459.899,458.85,638.567,652.404,0.0
rsa-10240b-c10-r4,RSA,10240,30,10,60,28.244,2.124,30,229.382,155.345,531.309,595.845,0.0,30,402.437,402.218,618.155,619.521,0.0
rsa-10240b-c10-r5,RSA,10240,30,10,60,28.305,2.12,30,193.947,168.268,427.634,481.033,0.0,30,436.808,471.155,619.879,651.589,0.0
rsa-10240b-c64-r1,RSA,10240,30,64,60,28.577,2.1,30,106.473,46.979,209.204,367.148,0.0,30,1117.824,1029.386,1909.117,1909.728,0.0
rsa-10240b-c64-r2,RSA,10240,30,64,60,28.714,2.09,30,194.796,59.051,471.446,1424.719,0.0,30,1023.383,978.835,1605.564,1823.82,0.0
rsa-10240b-c64-r3,RSA,10240,30,64,60,28.559,2.101,30,272.596,60.513,994.731,1491.986,0.0,30,921.488,921.869,1530.368,1547.483,0.0
rsa-10240b-c64-r4,RSA,10240,30,64,60,28.691,2.091,30,82.073,56.014,270.578,273.277,0.0,30,1153.954,1109.401,1874.644,1994.81,0.0
rsa-10240b-c64-r5,RSA,10240,30,64,60,28.428,2.111,30,259.72,56.725,762.426,881.406,0.0,30,956.749,1007.976,1549.448,1805.644,0.0
rsa-10240b-c128-r1,RSA,10240,30,128,60,28.661,2.093,30,138.213,59.53,476.477,704.331,0.0,30,1111.64,1100.093,1822.699,1930.42,0.0
rsa-10240b-c128-r2,RSA,10240,30,128,60,28.639,2.095,30,125.097,61.401,68.642,637.799,0.0,30,1133.744,1171.999,1782.913,2022.342,0.0
rsa-10240b-c128-r3,RSA,10240,30,128,60,28.52,2.104,30,148.348,32.05,542.669,543.084,0.0,30,1073.19,1123.853,1738.641,1740.702,0.0
rsa-10240b-c128-r4,RSA,10240,30,128,60,28.354,2.116,30,276.376,59.424,917.444,1211.571,0.0,30,915.576,940.535,1583.217,1659.095,0.0
rsa-10240b-c128-r5,RSA,10240,30,128,60,28.597,2.098,30,152.303,63.041,590.716,592.191,0.0,30,1078.875,1066.007,1884.521,1902.118,0.0
rsa-102400b-c1-r1,RSA,102400,30,1,60,5.5,10.909,30,16.284,15.994,17.424,19.709,0.0,30,347.301,345.737,352.582,355.086,0.0
rsa-102400b-c1-r2,RSA,102400,30,1,60,5.477,10.954,30,16.771,16.025,19.215,19.645,0.0,30,348.312,346.64,358.009,359.885,0.0
rsa-102400b-c1-r3,RSA,102400,30,1,60,5.471,10.966,30,16.429,16.043,18.267,18.841,0.0,30,349.059,346.844,361.719,364.446,0.0
rsa-102400b-c1-r4,RSA,102400,30,1,60,5.472,10.965,30,16.305,15.911,17.645,19.241,0.0,30,349.157,348.435,353.802,355.499,0.0
rsa-102400b-c1-r5,RSA,102400,30,1,60,5.461,10.988,30,16.23,16.021,17.663,17.987,0.0,30,349.967,348.475,357.715,358.841,0.0
rsa-102400b-c10-r1,RSA,102400,30,10,60,5.478,10.953,30,427.025,408.241,856.405,899.945,0.0,30,2931.02,3040.381,3691.783,3718.23,0.0
rsa-102400b-c10-r2,RSA,102400,30,10,60,5.47,10.968,30,405.05,373.56,832.486,876.074,0.0,30,2949.342,2967.049,3984.213,4035.088,0.0
rsa-102400b-c10-r3,RSA,102400,30,10,60,5.49,10.929,30,366.057,301.569,663.876,850.68,0.0,30,3019.741,2963.954,4120.286,4157.658,0.0
rsa-102400b-c10-r4,RSA,102400,30,10,60,5.42,11.071,30,430.536,373.958,742.199,889.342,0.0,30,2959.284,2883.336,3742.892,3888.131,0.0
rsa-102400b-c10-r5,RSA,102400,30,10,60,5.46,10.99,30,395.492,428.786,714.989,806.275,0.0,30,2998.187,3031.17,3787.735,4047.044,0.0
rsa-102400b-c64-r1,RSA,102400,30,64,60,5.448,11.013,30,457.623,453.437,762.481,1214.309,0.0,30,8167.33,9174.129,10508.01,10512.5,0.0
rsa-102400b-c64-r2,RSA,102400,30,64,60,5.481,10.946,30,572.014,334.416,1286.676,1739.55,0.0,30,7671.983,8492.419,10147.71,10508.877,0.0
rsa-102400b-c64-r3,RSA,102400,30,64,60,5.419,11.071,30,581.575,323.926,2049.001,3570.407,0.0,30,8298.371,8351.593,10311.824,10543.56,0.0
rsa-102400b-c64-r4,RSA,102400,30,64,60,5.449,11.011,30,451.815,414.106,423.282,428.928,0.0,30,8594.612,8992.076,10519.582,10521.613,0.0
rsa-102400b-c64-r5,RSA,102400,30,64,60,5.483,10.943,30,492.294,417.706,678.307,1917.773,0.0,30,8375.011,8659.728,10552.08,10613.722,0.0
rsa-102400b-c128-r1,RSA,102400,30,128,60,5.457,10.994,30,588.047,400.294,603.634,684.451,0.0,30,7668.213,8112.284,10490.083,10520.407,0.0
rsa-102400b-c128-r2,RSA,102400,30,128,60,5.49,10.93,30,662.413,401.591,2455.576,2683.048,0.0,30,8367.117,8696.347,10073.874,10261.995,0.0
rsa-102400b-c128-r3,RSA,102400,30,128,60,5.482,10.945,30,401.838,394.65,553.938,776.321,0.0,30,8891.634,9492.813,10488.726,10525.732,0.0
rsa-102400b-c128-r4,RSA,102400,30,128,60,5.497,10.915,30,574.4,400.232,419.389,2336.256,0.0,30,7774.163,7735.726,10456.583,10482.818,0.0
rsa-102400b-c128-r5,RSA,102400,30,128,60,5.48,10.95,30,761.615,397.82,2389.8,3447.823,0.0,30,7752.152,8776.476,10397.408,10491.004,0.0
hybrid_aes_gcm_rsa-1024b-c1-r1,HYBRID_AES_GCM_RSA,1024,30,1,60,50.024,1.199,30,2.539,1.792,2.596,3.294,0.0,30,37.405,37.21,38.509,38.523,0.0
hybrid_aes_gcm_rsa-1024b-c1-r2,HYBRID_AES_GCM_RSA,1024,30,1,60,50.38,1.191,30,1.984,1.718,2.886,3.436,0.0,30,37.675,37.175,39.693,39.999,0.0
hybrid_aes_gcm_rsa-1024b-c1-r3,HYBRID_AES_GCM_RSA,1024,30,1,60,49.907,1.202,30,2.068,2.067,2.546,2.943,0.0,30,37.969,37.552,39.775,39.785,0.0
hybrid_aes_gcm_rsa-1024b-c1-r4,HYBRID_AES_GCM_RSA,1024,30,1,60,50.9,1.179,30,1.822,1.644,2.208,2.263,0.0,30,37.432,37.286,38.333,38.901,0.0
hybrid_aes_gcm_rsa-1024b-c1-r5,HYBRID_AES_GCM_RSA,1024,30,1,60,50.552,1.187,30,1.997,1.659,3.215,3.49,0.0,30,37.528,37.306,38.899,39.006,0.0
hybrid_aes_gcm_rsa-1024b-c10-r1,HYBRID_AES_GCM_RSA,1024,30,10,60,51.858,1.157,30,131.685,92.126,300.338,301.372,0.0,30,202.735,185.437,337.547,338.669,0.0
hybrid_aes_gcm_rsa-1024b-c10-r2,HYBRID_AES_GCM_RSA,1024,30,10,60,52.108,1.151,30,129.787,120.621,302.305,302.627,0.0,30,200.004,190.039,269.951,304.164,0.0
hybrid_aes_gcm_rsa-1024b-c10-r3,HYBRID_AES_GCM_RSA,1024,30,10,60,51.747,1.159,30,123.64,117.805,265.134,267.4,0.0,30,217.272,222.098,337.936,340.091,0.0
hybrid_aes_gcm_rsa-1024b-c10-r4,HYBRID_AES_GCM_RSA,1024,30,10,60,52.035,1.153,30,116.669,121.609,234.191,265.142,0.0,30,220.109,192.84,337.052,350.359,0.0
hybrid_aes_gcm_rsa-1024b-c10-r5,HYBRID_AES_GCM_RSA,1024,30,10,60,50.401,1.19,30,133.315,86.236,299.87,344.767,0.0,30,212.25,194.197,345.861,381.159,0.0
hybrid_aes_gcm_rsa-1024b-c64-r1,HYBRID_AES_GCM_RSA,1024,30,64,60,52.254,1.148,30,68.038,59.439,254.663,299.315,0.0,30,561.97,602.24,936.013,962.99,0.0
hybrid_aes_gcm_rsa-1024b-c64-r2,HYBRID_AES_GCM_RSA,1024,30,64,60,52.262,1.148,30,173.325,63.126,439.638,583.363,0.0,30,448.609,444.957,778.36,779.136,0.0
hybrid_aes_gcm_rsa-1024b-c64-r3,HYBRID_AES_GCM_RSA,1024,30,64,60,52.486,1.143,30,125.049,21.517,577.202,582.875,0.0,30,505.72,508.732,793.529,952.214,0.0
hybrid_aes_gcm_rsa-1024b-c64-r4,HYBRID_AES_GCM_RSA,1024,30,64,60,51.695,1.161,30,126.714,57.929,341.168,378.879,0.0,30,507.804,469.404,797.692,865.909,0.0
hybrid_aes_gcm_rsa-1024b-c64-r5,HYBRID_AES_GCM_RSA,1024,30,64,60,51.978,1.154,30,165.166,137.88,402.921,659.055,0.0,30,466.279,481.053,810.959,817.177,0.0
hybrid_aes_gcm_rsa-1024b-c128-r1,HYBRID_AES_GCM_RSA,1024,30,128,60,52.466,1.144,30,86.324,26.591,399.888,443.739,0.0,30,532.505,529.338,858.718,956.82,0.0
hybrid_aes_gcm_rsa-1024b-c128-r2,HYBRID_AES_GCM_RSA,1024,30,128,60,51.973,1.154,30,134.678,22.552,475.074,879.745,0.0,30,497.26,464.724,887.153,970.348,0.0
hybrid_aes_gcm_rsa-1024b-c128-r3,HYBRID_AES_GCM_RSA,1024,30,128,60,51.07,1.175,30,89.233,23.56,335.161,570.116,0.0,30,565.741,524.847,1032.46,1039.394,0.0
hybrid_aes_gcm_rsa-1024b-c128-r4,HYBRID_AES_GCM_RSA,1024,30,128,60,52.727,1.138,30,94.316,25.988,357.377,431.965,0.0,30,526.879,538.742,910.887,1026.108,0.0
hybrid_aes_gcm_rsa-1024b-c128-r5,HYBRID_AES_GCM_RSA,1024,30,128,60,52.549,1.142,30,124.184,24.143,436.906,470.305,0.0,30,494.975,516.213,868.267,1072.854,0.0
hybrid_aes_gcm_rsa-10240b-c1-r1,HYBRID_AES_GCM_RSA,10240,30,1,60,48.939,1.226,30,2.596,2.494,3.405,3.909,0.0,30,38.234,37.606,40.217,40.391,0.0
hybrid_aes_gcm_rsa-10240b-c1-r2,HYBRID_AES_GCM_RSA,10240,30,1,60,50.247,1.194,30,2.199,1.985,2.991,3.133,0.0,30,37.565,37.308,38.672,39.079,0.0
hybrid_aes_gcm_rsa-10240b-c1-r3,HYBRID_AES_GCM_RSA,10240,30,1,60,49.736,1.206,30,2.342,2.116,3.362,3.429,0.0,30,37.834,37.347,39.343,40.896,0.0
hybrid_aes_gcm_rsa-10240b-c1-r4,HYBRID_AES_GCM_RSA,10240,30,1,60,50.171,1.196,30,2.208,1.897,3.256,3.385,0.0,30,37.621,37.347,38.712,39.685,0.0
hybrid_aes_gcm_rsa-10240b-c1-r5,HYBRID_AES_GCM_RSA,10240,30,1,60,47.566,1.261,30,2.863,2.792,4.302,4.778,0.0,30,39.14,38.414,41.513,41.575,0.0
hybrid_aes_gcm_rsa-10240b-c10-r1,HYBRID_AES_GCM_RSA,10240,30,10,60,51.552,1.164,30,131.202,91.438,298.574,310.952,0.0,30,206.618,190.883,333.986,347.865,0.0
hybrid_aes_gcm_rsa-10240b-c10-r2,HYBRID_AES_GCM_RSA,10240,30,10,60,51.909,1.156,30,126.903,154.319,229.205,269.782,0.0,30,206.42,190.37,334.181,345.568,0.0
hybrid_aes_gcm_rsa-10240b-c10-r3,HYBRID_AES_GCM_RSA,10240,30,10,60,51.624,1.162,30,127.813,152.291,266.247,302.193,0.0,30,208.728,194.712,305.169,376.684,0.0
hybrid_aes_gcm_rsa-10240b-c10-r4,HYBRID_AES_GCM_RSA,10240,30,10,60,51.659,1.161,30,141.771,152.677,298.817,301.306,0.0,30,194.434,158.474,334.443,350.662,0.0
hybrid_aes_gcm_rsa-10240b-c10-r5,HYBRID_AES_GCM_RSA,10240,30,10,60,51.597,1.163,30,127.071,84.019,262.904,302.49,0.0,30,212.397,194.371,335.968,338.369,0.0
hybrid_aes_gcm_rsa-10240b-c64-r1,HYBRID_AES_GCM_RSA,10240,30,64,60,51.639,1.162,30,114.854,61.583,451.195,597.097,0.0,30,522.313,488.198,890.315,896.13,0.0
hybrid_aes_gcm_rsa-10240b-c64-r2,HYBRID_AES_GCM_RSA,10240,30,64,60,51.726,1.16,30,121.481,62.776,258.209,259.476,0.0,30,521.614,442.545,900.724,1005.3,0.0
hybrid_aes_gcm_rsa-10240b-c64-r3,HYBRID_AES_GCM_RSA,10240,30,64,60,50.909,1.179,30,153.967,147.375,353.288,425.08,0.0,30,502.832,461.884,821.287,1014.137,0.0
hybrid_aes_gcm_rsa-10240b-c64-r4,HYBRID_AES_GCM_RSA,10240,30,64,60,51.795,1.158,30,147.807,103.358,479.132,662.648,0.0,30,488.057,480.451,802.314,960.917,0.0
hybrid_aes_gcm_rsa-10240b-c64-r5,HYBRID_AES_GCM_RSA,10240,30,64,60,52.092,1.152,30,95.198,24.224,293.626,370.159,0.0,30,548.617,599.262,843.612,848.55,0.0
hybrid_aes_gcm_rsa-10240b-c128-r1,HYBRID_AES_GCM_RSA,10240,30,128,60,51.96,1.155,30,130.025,70.256,438.869,439.554,0.0,30,508.151,491.573,920.624,923.055,0.0
hybrid_aes_gcm_rsa-10240b-c128-r2,HYBRID_AES_GCM_RSA,10240,30,128,60,51.449,1.166,30,191.102,71.887,555.004,596.565,0.0,30,439.143,414.511,646.378,713.759,0.0
hybrid_aes_gcm_rsa-10240b-c128-r3,HYBRID_AES_GCM_RSA,10240,30,128,60,51.826,1.158,30,148.816,102.228,480.05,663.787,0.0,30,483.121,473.624,901.191,924.979,0.0
hybrid_aes_gcm_rsa-10240b-c128-r4,HYBRID_AES_GCM_RSA,10240,30,128,60,51.888,1.156,30,149.013,66.725,516.93,670.595,0.0,30,495.031,450.079,884.696,926.936,0.0
hybrid_aes_gcm_rsa-10240b-c128-r5,HYBRID_AES_GCM_RSA,10240,30,128,60,50.848,1.18,30,154.304,23.049,790.052,866.211,0.0,30,499.243,497.283,961.303,976.301,0.0
hybrid_aes_gcm_rsa-102400b-c1-r1,HYBRID_AES_GCM_RSA,102400,30,1,60,45.6,1.316,30,4.388,4.149,5.92,5.964,0.0,30,39.429,38.94,41.273,41.385,0.0
hybrid_aes_gcm_rsa-102400b-c1-r2,HYBRID_AES_GCM_RSA,102400,30,1,60,45.486,1.319,30,4.766,4.353,6.773,8.776,0.0,30,39.162,38.788,41.09,41.784,0.0
hybrid_aes_gcm_rsa-102400b-c1-r3,HYBRID_AES_GCM_RSA,102400,30,1,60,46.167,1.3,30,4.237,4.185,5.267,5.653,0.0,30,39.043,38.698,39.932,41.4,0.0
hybrid_aes_gcm_rsa-102400b-c1-r4,HYBRID_AES_GCM_RSA,102400,30,1,60,45.245,1.326,30,4.325,4.163,5.127,5.813,0.0,30,39.837,39.479,41.828,41.985,0.0
hybrid_aes_gcm_rsa-102400b-c1-r5,HYBRID_AES_GCM_RSA,102400,30,1,60,45.904,1.307,30,4.339,4.112,6.332,7.691,0.0,30,39.188,38.903,41.267,41.58,0.0
hybrid_aes_gcm_rsa-102400b-c10-r1,HYBRID_AES_GCM_RSA,102400,30,10,60,49.13,1.221,30,152.564,167.036,278.397,295.658,0.0,30,202.009,162.864,355.654,360.479,0.0
hybrid_aes_gcm_rsa-102400b-c10-r2,HYBRID_AES_GCM_RSA,102400,30,10,60,48.133,1.247,30,161.289,147.705,338.648,373.956,0.0,30,199.658,200.62,308.58,328.844,0.0
hybrid_aes_gcm_rsa-102400b-c10-r3,HYBRID_AES_GCM_RSA,102400,30,10,60,49.686,1.208,30,157.146,163.16,283.207,289.989,0.0,30,189.759,191.656,272.954,273.21,0.0
hybrid_aes_gcm_rsa-102400b-c10-r4,HYBRID_AES_GCM_RSA,102400,30,10,60,48.419,1.239,30,145.15,164.351,253.441,271.536,0.0,30,213.209,205.141,279.41,401.854,0.0
hybrid_aes_gcm_rsa-102400b-c10-r5,HYBRID_AES_GCM_RSA,102400,30,10,60,47.174,1.272,30,143.079,127.825,292.065,292.519,0.0,30,242.551,235.662,349.799,370.111,0.0
hybrid_aes_gcm_rsa-102400b-c64-r1,HYBRID_AES_GCM_RSA,102400,30,64,60,47.462,1.264,30,110.752,83.229,233.13,270.92,0.0,30,610.767,611.562,988.294,1014.369,0.0
hybrid_aes_gcm_rsa-102400b-c64-r2,HYBRID_AES_GCM_RSA,102400,30,64,60,48.749,1.231,30,86.561,84.858,185.655,264.396,0.0,30,609.292,645.564,1056.036,1073.882,0.0
hybrid_aes_gcm_rsa-102400b-c64-r3,HYBRID_AES_GCM_RSA,102400,30,64,60,47.778,1.256,30,104.161,64.41,234.216,390.208,0.0,30,607.704,623.037,1024.712,1038.589,0.0
hybrid_aes_gcm_rsa-102400b-c64-r4,HYBRID_AES_GCM_RSA,102400,30,64,60,46.6,1.288,30,188.186,90.454,570.496,647.687,0.0,30,521.494,534.342,844.504,962.242,0.0
hybrid_aes_gcm_rsa-102400b-c64-r5,HYBRID_AES_GCM_RSA,102400,30,64,60,46.195,1.299,30,114.435,57.24,252.907,347.76,0.0,30,646.596,620.815,1127.474,1132.472,0.0
hybrid_aes_gcm_rsa-102400b-c128-r1,HYBRID_AES_GCM_RSA,102400,30,128,60,48.718,1.232,30,145.542,44.186,486.513,560.414,0.0,30,541.863,568.177,948.518,958.983,0.0
hybrid_aes_gcm_rsa-102400b-c128-r2,HYBRID_AES_GCM_RSA,102400,30,128,60,48.475,1.238,30,185.311,140.427,534.797,600.844,0.0,30,508.922,433.02,944.018,958.76,0.0
hybrid_aes_gcm_rsa-102400b-c128-r3,HYBRID_AES_GCM_RSA,102400,30,128,60,48.646,1.233,30,181.501,86.022,634.077,673.95,0.0,30,516.88,554.597,890.975,909.747,0.0
hybrid_aes_gcm_rsa-102400b-c128-r4,HYBRID_AES_GCM_RSA,102400,30,128,60,45.706,1.313,30,203.919,43.033,844.662,904.475,0.0,30,513.694,575.139,837.605,841.005,0.0
hybrid_aes_gcm_rsa-102400b-c128-r5,HYBRID_AES_GCM_RSA,102400,30,128,60,47.369,1.267,30,166.94,54.394,475.727,549.661,0.0,30,525.102,515.253,900.607,923.756,0.0
